episode,epsilon_turn_p1,epsilon_turn_p2,epsilon_sel_p1,epsilon_sel_p2,p1_winrate,p2_winrate,drawrate,p1_damage_avg,p2_damage_avg,avg_turns,p1_reward_avg,p2_reward_avg,timestamp
0,0.49999,0.49999,0.49999,0.49999,100.0,0.0,0.0,72.0,53.0,7.0,190.0,-226.0,1787483559.6808763
1000,0.4900894366474304,0.4900894366474304,0.4900894366474304,0.4900894366474304,42.95704295704296,57.04295704295704,0.0,60.001998001998004,65.22227772227772,7.73026973026973,-49.18281718281718,11.221778221778221,1787483652.9949386
2000,0.48038491952518236,0.48038491952518236,0.48038491952518236,0.48038491952518236,45.02748625687156,54.97251374312844,0.0,60.79535232383808,65.82408795602198,7.700649675162419,-38.92303848075962,5.451274362818591,1787483754.6988823
3000,0.47087256661936816,0.47087256661936816,0.47087256661936816,0.47087256661936816,45.48483838720426,54.51516161279574,0.0,60.113295568143954,65.52715761412863,7.457514161946018,-37.52015994668444,5.996001332889037,1787483856.0999339
4000,0.4615485727858869,0.4615485727858869,0.4615485727858869,0.4615485727858869,46.28842789302674,53.71157210697326,0.0,59.78767808047988,65.14221444638841,7.267933016745814,-34.791052236940764,4.105973506623344,1787483946.1359336
5000,0.452409208228286,0.452409208228286,0.452409208228286,0.452409208228286,46.4507098580284,53.5492901419716,0.0,59.48170365926815,64.66826634673065,7.11877624475105,-33.654069186162765,3.488902219556089,1787484032.8411977
6000,0.44345081700576205,0.44345081700576205,0.44345081700576205,0.44345081700576205,46.89218463589402,53.10781536410598,0.0,59.29853357773705,63.85419096817197,6.974504249291785,-30.865022496250624,0.9811698050324946,1787484120.147297
7000,0.43466981557070516,0.43466981557070516,0.43466981557070516,0.43466981557070516,46.7933152406799,53.2066847593201,0.0,58.932581059848594,63.204685044993575,6.854877874589344,-30.417654620768463,0.7661762605342094,1787484206.8299007
8000,0.42606269133520536,0.42606269133520536,0.42606269133520536,0.42606269133520536,46.76915385576803,53.23084614423197,0.0,58.855705536807896,62.35670541182352,6.722034745656793,-29.157230346206724,-0.2799650043744532,1787484292.5889623
9000,0.41762600126594335,0.41762600126594335,0.41762600126594335,0.41762600126594335,46.80591045439396,53.19408954560605,0.0,58.68814576158205,61.632929674480614,6.597155871569826,-27.787134762804133,-1.1283190756582602,1787484379.8095837
10000,0.4093563705069002,0.4093563705069002,0.4093563705069002,0.4093563705069002,47.245275472452754,52.754724527547246,0.0,58.71497850214978,60.95705429457054,6.494250574942506,-25.231576842315768,-3.497150284971503,1787484466.6570425
11000,0.4012504910293465,0.4012504910293465,0.4012504910293465,0.4012504910293465,47.34115080447232,52.65884919552768,0.0,58.697209344605035,60.413507862921556,6.398781928915553,-24.110899009180983,-4.3497863830560854,1787484554.1035376
12000,0.39330512030856085,0.39330512030856085,0.39330512030856085,0.39330512030856085,47.34605449545871,52.65394550454129,0.0,58.674152153987166,59.99866677776852,6.32438963419715,-23.391634030497457,-4.784101324889592,1787484641.1580684
13000,0.3855170800267453,0.3855170800267453,0.3855170800267453,0.3855170800267453,47.173294361972154,52.826705638027846,0.0,58.686870240750714,59.65737250980694,6.24828859318514,-23.38481655257288,-4.539420044611953,1787484728.1737523
14000,0.37788325480163704,0.37788325480163704,0.37788325480163704,0.37788325480163704,47.02521248482252,52.97478751517749,0.0,58.68209413613313,59.44807513749018,6.1886293836154564,-23.618312977644454,-4.226198128705093,1787484815.824526
15000,0.37040059094028266,0.37040059094028266,0.37040059094028266,0.37040059094028266,47.190187320845276,52.809812679154724,0.0,58.67812145856943,59.17895473635091,6.118858742750484,-22.683621091927204,-4.954536364242384,1787484904.4910154
16000,0.3630660952175016,0.3630660952175016,0.3630660952175016,0.3630660952175016,47.22204862196113,52.777951378038864,0.0,58.635491531779266,59.17092681707393,6.064183488531967,-22.712767952003,-4.7788263233547905,1787484992.7134576
17000,0.3558768336785291,0.3558768336785291,0.3558768336785291,0.3558768336785291,47.33839185930239,52.6616081406976,0.0,58.691459325922004,59.02352802776307,6.018234221516382,-22.02205752602788,-5.353920357626022,1787485080.3379068
18000,0.3488299304653734,0.3488299304653734,0.3488299304653734,0.3488299304653734,47.425143047608465,52.574856952391535,0.0,58.732681517693464,58.966446308538416,5.969223932003778,-21.505471918226764,-5.762457641242153,1787485167.9550498
19000,0.3419225666664077,0.3419225666664077,0.3419225666664077,0.3419225666664077,47.30803641913583,52.69196358086417,0.0,58.71875164465028,58.98042208304826,5.927688016420189,-21.997894847639596,-5.163307194358191,1787485254.5675497
20000,0.3351519791887513,0.3351519791887513,0.3351519791887513,0.3351519791887513,47.43762811859407,52.56237188140594,0.0,58.81270936453177,59.03849807509624,5.890505474726264,-21.60641967901605,-5.446327683615819,1787485342.9025192
21000,0.32851545965296697,0.32851545965296697,0.32851545965296697,0.32851545965296697,47.635826865387365,52.364173134612635,0.0,58.90826627303462,59.04495024046474,5.849054806913957,-20.827532022284654,-6.06056854435503,1787485431.1404436
22000,0.3220103533096549,0.3220103533096549,0.3220103533096549,0.3220103533096549,48.12963047134221,51.87036952865779,0.0,59.077110131357664,58.899186400618156,5.8109176855597475,-18.68992318530976,-8.05645197945548,1787485518.7775457
23000,0.3156340579774985,0.3156340579774985,0.3156340579774985,0.3156340579774985,48.42398156601887,51.57601843398113,0.0,59.18542672057737,58.88167905743229,5.776053215077606,-17.595930611712536,-9.019999130472588,1787485608.0105715
24000,0.30938402300233,0.30938402300233,0.30938402300233,0.30938402300233,48.718803383192366,51.281196616807634,0.0,59.368505478938374,58.808174659389195,5.7436773467772175,-16.200949960418317,-10.30515395191867,1787485695.3251557
25000,0.3032577482368202,0.3032577482368202,0.3032577482368202,0.3032577482368202,48.874045038198474,51.125954961801526,0.0,59.50503979840806,58.806867725290985,5.710811567537299,-15.477500899964001,-10.948082076716931,1787485793.4980469
26000,0.29725278304036323,0.29725278304036323,0.29725278304036323,0.29725278304036323,48.80581516095535,51.19418483904465,0.0,59.6005730548825,58.73801007653552,5.680743048344294,-15.324141379177725,-10.927887388946578,1787485898.1377783
27000,0.2913667252987712,0.2913667252987712,0.2913667252987712,0.2913667252987712,48.87967112329173,51.120328876708264,0.0,59.68688196733454,58.61944002073997,5.642124365764231,-14.710825524980557,-11.422651012925447,1787485996.941245
28000,0.2855972204633729,0.2855972204633729,0.2855972204633729,0.2855972204633729,49.16252990964608,50.83747009035392,0.0,59.758544337702226,58.485714795900144,5.612763829863219,-13.485946930466769,-12.48194707331881,1787486087.1283824
29000,0.2799419606091446,0.2799419606091446,0.2799419606091446,0.2799419606091446,49.539671045826005,50.460328954173995,0.0,59.85550498258681,58.27612840936519,5.582945415675321,-11.787076307713527,-14.04834316058067,1787486176.1471872
30000,0.2743986835114957,0.2743986835114957,0.2743986835114957,0.2743986835114957,49.76834105529815,50.23165894470184,0.0,59.95433485550482,58.04203193226893,5.556048131728942,-10.488183727209092,-15.022232592246926,1787486267.0237253
31000,0.26896517174132606,0.26896517174132606,0.26896517174132606,0.26896517174132606,49.982258636818166,50.017741363181834,0.0,60.026789458404565,57.87655236927841,5.531498983903745,-9.399083900519338,-16.01503177316861,1787486354.7998846
32000,0.2636392517780074,0.2636392517780074,0.2636392517780074,0.2636392517780074,50.273428955345146,49.726571044654854,0.0,60.11457454454548,57.69752507734133,5.502578044436111,-8.008155995125152,-17.279866254179556,1787486443.0419593
33000,0.25841879313993066,0.25841879313993066,0.25841879313993066,0.25841879313993066,50.41968425199237,49.580315748007635,0.0,60.158434592891126,57.608284597436445,5.473015969213054,-7.315748007636132,-17.751643889579103,1787486530.8021924
34000,0.2533017075322652,0.2533017075322652,0.2533017075322652,0.2533017075322652,50.45145731007912,49.54854268992088,0.0,60.24855151319079,57.59926178641805,5.464486338637099,-7.126378635922473,-17.618511220258227,1787486618.0753129
35000,0.2482859480116009,0.2482859480116009,0.2482859480116009,0.2482859480116009,50.55284134739008,49.44715865260992,0.0,60.34934716150967,57.55249850004286,5.453072769349447,-6.595554412731065,-17.80617696637239,1787486708.9442003
36000,0.24336950816712064,0.24336950816712064,0.24336950816712064,0.24336950816712064,50.58470598038943,49.41529401961057,0.0,60.467931446348715,57.49604177661732,5.445570956362324,-6.216660648315324,-17.80111663564901,1787486798.0338953
37000,0.23855042131799936,0.23855042131799936,0.23855042131799936,0.23855042131799936,50.75808761925353,49.24191238074647,0.0,60.607159265965784,57.36393610983487,5.43977189805681,-5.1995621739952975,-18.386692251560767,1787486885.7822244
38000,0.23382675972668573,0.23382675972668573,0.23382675972668573,0.23382675972668573,51.06970869187653,48.93029130812347,0.0,60.752901239441066,57.16861398384253,5.430936027999263,-3.6037999000026315,-19.54335412225994,1787486974.31888
39000,0.2291966338277675,0.2291966338277675,0.2291966338277675,0.2291966338277675,51.24996794953975,48.75003205046025,0.0,60.88072100715366,56.99910258711315,5.432142765570114,-2.4970128971052024,-20.108304915258582,1787487063.262889
40000,0.2246581914721058,0.2246581914721058,0.2246581914721058,0.2246581914721058,51.43371415714607,48.56628584285393,0.0,61.01131221719457,56.80380490487738,5.432539186520337,-1.3583410414739632,-20.759931001724958,1787487152.8459086
41000,0.22020961718593401,0.22020961718593401,0.22020961718593401,0.22020961718593401,51.61093631862638,48.38906368137362,0.0,61.139045389136854,56.604607204702326,5.440940464866711,-0.22399453671861663,-21.334625984732078,1787487242.8928597
42000,0.21584913144463022,0.21584913144463022,0.21584913144463022,0.21584913144463022,51.74400609509298,48.25599390490702,0.0,61.27555296302469,56.43265636532463,5.450941644246566,0.7134830123092307,-21.71629246922692,1787487332.5994833
43000,0.2115749899608717,0.2115749899608717,0.2115749899608717,0.2115749899608717,51.940652542964116,48.059347457035884,0.0,61.449454663845025,56.26769144903607,5.469919304202228,1.885863119462338,-22.326504034789888,1787487424.0738785
44000,0.20738548298687853,0.20738548298687853,0.20738548298687853,0.20738548298687853,52.19654098770482,47.80345901229517,0.0,61.64417854139678,56.12161087248017,5.486829844776255,3.243812640621804,-23.204381718597304,1787487513.6155915
45000,0.2032789346304819,0.2032789346304819,0.2032789346304819,0.2032789346304819,52.598831137085845,47.401168862914155,0.0,61.855569876224976,56.0198884469234,5.502611053087709,5.000666651852181,-24.508299815559653,1787487603.6965191
46000,0.19925370218472932,0.19925370218472932,0.19925370218472932,0.19925370218472932,53.0097171800613,46.99028281993869,0.0,62.06918327862438,55.91563226886372,5.517380056955283,6.813177974391861,-25.8459598704376,1787487693.436346
47000,0.19530817547076712,0.19530817547076712,0.19530817547076712,0.19530817547076712,53.40099146826663,46.59900853173337,0.0,62.27005808387056,55.81595072445267,5.530435522648454,8.563817791110827,-27.156592412927385,1787487783.707255
48000,0.19144077619373562,0.19144077619373562,0.19144077619373562,0.19144077619373562,53.87179433761796,46.12820566238203,0.0,62.470917272556825,55.67511093518885,5.546051123934918,10.659798754192622,-28.8521489135643,1787487874.253064
49000,0.18764995731141607,0.18764995731141607,0.18764995731141607,0.18764995731141607,54.15603763188507,45.84396236811494,0.0,62.657578416767,55.55277443317483,5.560968143507275,12.0740393053203,-29.853819309810003,1787487965.6618843
