episode,replayed_count,player,network,loss,timestamp
8,1,p1,turn,18.407106399536133,1787509896.0844953
8,1,p2,turn,18.019453048706055,1787509896.1126282
9,2,p1,turn,20.321895599365234,1787509896.150672
9,2,p2,turn,16.589946746826172,1787509896.1768715
10,3,p1,turn,22.22241973876953,1787509896.2107115
10,3,p2,turn,20.841632843017578,1787509896.2394633
11,4,p1,turn,14.885390281677246,1787509896.2695973
11,4,p2,turn,14.0797758102417,1787509896.2830615
12,5,p1,turn,16.329349517822266,1787509896.3079252
12,5,p2,turn,15.481828689575195,1787509896.3212972
13,6,p1,turn,12.492996215820312,1787509896.338346
13,6,p2,turn,14.88434886932373,1787509896.352615
14,7,p1,turn,21.342622756958008,1787509896.3738172
14,7,p2,turn,17.12740135192871,1787509896.3877764
15,8,p1,turn,21.734909057617188,1787509896.4236002
15,8,p2,turn,21.12031364440918,1787509896.452591
16,9,p1,turn,14.390120506286621,1787509896.4754622
16,9,p2,turn,10.659220695495605,1787509896.515135
17,10,p1,turn,21.74970054626465,1787509896.5774276
17,10,p2,turn,17.88239860534668,1787509896.6124098
18,11,p1,turn,17.901947021484375,1787509896.6576374
18,11,p2,turn,17.786861419677734,1787509896.6967554
19,12,p1,turn,23.389299392700195,1787509896.7568803
19,12,p2,turn,16.09781265258789,1787509896.811931
20,13,p1,turn,20.237361907958984,1787509896.8640754
20,13,p2,turn,18.539030075073242,1787509896.899053
21,14,p1,turn,19.517894744873047,1787509896.9430606
21,1,p1,selection,82.19049072265625,1787509896.9536965
21,2,p1,selection,81.84308624267578,1787509896.9619238
21,3,p1,selection,82.68633270263672,1787509896.9711735
21,14,p2,turn,19.17868995666504,1787509897.0032933
21,1,p2,selection,86.76412963867188,1787509897.0110586
21,2,p2,selection,86.58335876464844,1787509897.020124
21,3,p2,selection,86.13709259033203,1787509897.0272138
22,15,p1,turn,19.46460723876953,1787509897.0648394
22,4,p1,selection,82.43057250976562,1787509897.07365
22,5,p1,selection,82.73304748535156,1787509897.0816317
22,6,p1,selection,81.62712097167969,1787509897.090268
22,15,p2,turn,13.888962745666504,1787509897.1217816
22,4,p2,selection,85.28366088867188,1787509897.129797
22,5,p2,selection,86.5134048461914,1787509897.1387143
22,6,p2,selection,85.70330810546875,1787509897.146911
23,16,p1,turn,21.390403747558594,1787509897.197323
23,7,p1,selection,82.47384643554688,1787509897.2069817
23,8,p1,selection,82.03912353515625,1787509897.2157311
23,9,p1,selection,82.47360229492188,1787509897.2253175
23,16,p2,turn,23.35279655456543,1787509897.260779
23,7,p2,selection,84.9312744140625,1787509897.2722259
23,8,p2,selection,84.4965591430664,1787509897.2816179
23,9,p2,selection,83.70619201660156,1787509897.2927082
24,17,p1,turn,14.156009674072266,1787509897.3413346
24,10,p1,selection,82.49412536621094,1787509897.3508294
24,11,p1,selection,82.57626342773438,1787509897.359302
24,12,p1,selection,81.28378295898438,1787509897.3689442
24,17,p2,turn,18.22325897216797,1787509897.4011867
24,10,p2,selection,85.37037658691406,1787509897.409573
24,11,p2,selection,83.97029113769531,1787509897.4181428
24,12,p2,selection,87.81220245361328,1787509897.426402
25,18,p1,turn,16.058589935302734,1787509897.4529157
25,13,p1,selection,83.7681884765625,1787509897.457946
25,14,p1,selection,82.91412353515625,1787509897.4628952
25,15,p1,selection,82.4734878540039,1787509897.468338
25,18,p2,turn,22.308576583862305,1787509897.4839532
25,13,p2,selection,84.4005126953125,1787509897.4902723
25,14,p2,selection,85.53240203857422,1787509897.4953752
25,15,p2,selection,85.83297729492188,1787509897.5036588
26,19,p1,turn,20.418170928955078,1787509897.535682
26,16,p1,selection,83.28642272949219,1787509897.54266
26,17,p1,selection,84.56315612792969,1787509897.548032
26,18,p1,selection,84.36543273925781,1787509897.5545876
26,19,p2,turn,17.499286651611328,1787509897.5719767
26,16,p2,selection,85.9128646850586,1787509897.5780206
26,17,p2,selection,84.61537170410156,1787509897.585794
26,18,p2,selection,84.4382553100586,1787509897.5920415
27,20,p1,turn,15.597433090209961,1787509897.6221614
27,19,p1,selection,85.73306274414062,1787509897.630728
27,20,p1,selection,84.40853881835938,1787509897.639104
27,21,p1,selection,85.49968719482422,1787509897.6443458
27,20,p2,turn,14.826184272766113,1787509897.6597586
27,19,p2,selection,84.4147720336914,1787509897.66494
27,20,p2,selection,84.75123596191406,1787509897.6701663
27,21,p2,selection,85.28543853759766,1787509897.6750252
28,21,p1,turn,16.38595199584961,1787509897.697816
28,22,p1,selection,85.74564361572266,1787509897.7028885
28,23,p1,selection,84.6746597290039,1787509897.7077732
28,24,p1,selection,84.72665405273438,1787509897.7125998
28,21,p2,turn,17.935611724853516,1787509897.7435572
28,22,p2,selection,85.61300659179688,1787509897.7527375
28,23,p2,selection,84.83445739746094,1787509897.761023
28,24,p2,selection,84.650390625,1787509897.770405
29,22,p1,turn,18.513151168823242,1787509897.8121245
29,25,p1,selection,85.77533721923828,1787509897.8205516
29,26,p1,selection,85.94334411621094,1787509897.8289328
29,27,p1,selection,84.35387420654297,1787509897.8376667
29,22,p2,turn,14.673133850097656,1787509897.8606277
29,25,p2,selection,86.11007690429688,1787509897.8680341
29,26,p2,selection,85.14585876464844,1787509897.8762355
29,27,p2,selection,83.51544952392578,1787509897.885189
30,23,p1,turn,22.127315521240234,1787509897.926581
30,28,p1,selection,87.76551818847656,1787509897.9361267
30,29,p1,selection,85.54772186279297,1787509897.9447281
30,30,p1,selection,86.45296478271484,1787509897.9562204
30,23,p2,turn,22.288354873657227,1787509897.9912088
30,28,p2,selection,87.16227722167969,1787509897.9996853
30,29,p2,selection,86.03996276855469,1787509898.0078592
30,30,p2,selection,84.56938934326172,1787509898.0146947
31,24,p1,turn,17.535844802856445,1787509898.037246
31,31,p1,selection,88.26216888427734,1787509898.0419273
31,32,p1,selection,83.92098999023438,1787509898.0462403
31,33,p1,selection,89.6221923828125,1787509898.051368
31,24,p2,turn,18.341327667236328,1787509898.080779
31,31,p2,selection,84.81170654296875,1787509898.087666
31,32,p2,selection,87.81973266601562,1787509898.094062
31,33,p2,selection,85.0306396484375,1787509898.1003826
32,25,p1,turn,19.449474334716797,1787509898.144778
32,34,p1,selection,85.92942810058594,1787509898.1523068
32,35,p1,selection,85.61393737792969,1787509898.15931
32,36,p1,selection,88.79266357421875,1787509898.1649601
32,25,p2,turn,22.161266326904297,1787509898.1792688
32,34,p2,selection,85.86839294433594,1787509898.185258
32,35,p2,selection,85.56446838378906,1787509898.1917868
32,36,p2,selection,87.75012969970703,1787509898.1982918
33,26,p1,turn,10.724386215209961,1787509898.2327528
33,37,p1,selection,86.87901306152344,1787509898.2394295
33,38,p1,selection,87.21556091308594,1787509898.2457507
33,39,p1,selection,87.9277572631836,1787509898.2526624
33,26,p2,turn,17.69169807434082,1787509898.2825365
33,37,p2,selection,86.21202087402344,1787509898.292366
33,38,p2,selection,83.06298828125,1787509898.3030674
33,39,p2,selection,83.73308563232422,1787509898.3113506
34,27,p1,turn,19.79880142211914,1787509898.342216
34,40,p1,selection,92.56605529785156,1787509898.346457
34,41,p1,selection,88.49632263183594,1787509898.3510327
34,42,p1,selection,89.67675018310547,1787509898.3552008
34,27,p2,turn,15.99220085144043,1787509898.3692315
34,40,p2,selection,85.19015502929688,1787509898.375912
34,41,p2,selection,83.33811950683594,1787509898.3823545
34,42,p2,selection,84.75296783447266,1787509898.389024
35,28,p1,turn,18.07181167602539,1787509898.4258862
35,43,p1,selection,89.96687316894531,1787509898.4337118
35,44,p1,selection,89.88549041748047,1787509898.440625
35,45,p1,selection,89.14112854003906,1787509898.4471073
35,28,p2,turn,19.263328552246094,1787509898.4613025
35,43,p2,selection,84.57840728759766,1787509898.4669278
35,44,p2,selection,88.6538314819336,1787509898.4735315
35,45,p2,selection,84.77960205078125,1787509898.4797573
36,29,p1,turn,17.271957397460938,1787509898.5147302
36,46,p1,selection,91.45481872558594,1787509898.5222726
36,47,p1,selection,88.60935974121094,1787509898.5286384
36,48,p1,selection,90.91136932373047,1787509898.535493
36,29,p2,turn,15.977307319641113,1787509898.5519717
36,46,p2,selection,86.32796478271484,1787509898.55624
36,47,p2,selection,83.477783203125,1787509898.5601292
36,48,p2,selection,85.38798522949219,1787509898.5639436
37,30,p1,turn,18.343801498413086,1787509898.582527
37,49,p1,selection,87.63009643554688,1787509898.586726
37,50,p1,selection,89.2721939086914,1787509898.5908449
37,51,p1,selection,90.30218505859375,1787509898.5946026
37,30,p2,turn,21.44062614440918,1787509898.6073618
37,49,p2,selection,85.345458984375,1787509898.611293
37,50,p2,selection,86.1019058227539,1787509898.6162145
37,51,p2,selection,87.49018859863281,1787509898.622584
38,31,p1,turn,22.952482223510742,1787509898.6615336
38,52,p1,selection,92.63130950927734,1787509898.6667762
38,53,p1,selection,90.66610717773438,1787509898.6710353
38,54,p1,selection,90.55751037597656,1787509898.6770856
38,31,p2,turn,20.435588836669922,1787509898.7049477
38,52,p2,selection,86.67188262939453,1787509898.7110927
38,53,p2,selection,87.45549011230469,1787509898.717236
38,54,p2,selection,89.4482192993164,1787509898.7235196
39,32,p1,turn,21.212757110595703,1787509898.7640555
39,55,p1,selection,89.06206512451172,1787509898.7703252
39,56,p1,selection,90.29984283447266,1787509898.776208
39,57,p1,selection,90.40103912353516,1787509898.7820358
39,32,p2,turn,17.93914222717285,1787509898.8095155
39,55,p2,selection,88.72489166259766,1787509898.815962
39,56,p2,selection,86.23322296142578,1787509898.8229184
39,57,p2,selection,88.77510833740234,1787509898.8291707
40,33,p1,turn,23.448291778564453,1787509898.8598669
40,58,p1,selection,91.15596008300781,1787509898.8637958
40,59,p1,selection,93.08626556396484,1787509898.8704562
40,60,p1,selection,95.51264953613281,1787509898.8764772
40,33,p2,turn,18.47452163696289,1787509898.903661
40,58,p2,selection,85.8858413696289,1787509898.9097786
40,59,p2,selection,88.70223236083984,1787509898.9157073
40,60,p2,selection,87.4522933959961,1787509898.9222841
41,34,p1,turn,16.576900482177734,1787509898.9580297
41,61,p1,selection,90.44686889648438,1787509898.9643385
41,62,p1,selection,92.09346771240234,1787509898.9704707
41,63,p1,selection,89.13426971435547,1787509898.9763246
41,34,p2,turn,17.85971450805664,1787509899.0037043
41,61,p2,selection,87.98815155029297,1787509899.0097644
41,62,p2,selection,88.5782470703125,1787509899.0157573
41,63,p2,selection,88.67817687988281,1787509899.0218532
42,35,p1,turn,22.897151947021484,1787509899.0608895
42,64,p1,selection,90.83479309082031,1787509899.0675557
42,65,p1,selection,89.41741180419922,1787509899.0736377
42,66,p1,selection,88.1361312866211,1787509899.0794878
42,35,p2,turn,22.618427276611328,1787509899.0921028
42,64,p2,selection,89.08712005615234,1787509899.0957592
42,65,p2,selection,86.11344146728516,1787509899.0997078
42,66,p2,selection,88.18854522705078,1787509899.1036057
43,36,p1,turn,24.70317840576172,1787509899.1214495
43,67,p1,selection,89.32516479492188,1787509899.125087
43,68,p1,selection,91.62480163574219,1787509899.1286259
43,69,p1,selection,93.93895721435547,1787509899.1345103
43,36,p2,turn,22.539104461669922,1787509899.162162
43,67,p2,selection,87.11640930175781,1787509899.1687467
43,68,p2,selection,88.09144592285156,1787509899.1746407
43,69,p2,selection,90.15813446044922,1787509899.1803713
44,37,p1,turn,20.528955459594727,1787509899.213495
44,70,p1,selection,97.90614318847656,1787509899.2199075
44,71,p1,selection,90.09298706054688,1787509899.2260208
44,72,p1,selection,92.16029357910156,1787509899.2319808
44,37,p2,turn,15.450432777404785,1787509899.2589056
44,70,p2,selection,91.2717514038086,1787509899.2649722
44,71,p2,selection,87.8109130859375,1787509899.2713494
44,72,p2,selection,86.97537231445312,1787509899.2777886
45,38,p1,turn,21.89966583251953,1787509899.3177056
45,73,p1,selection,87.00497436523438,1787509899.3222547
45,74,p1,selection,89.14886474609375,1787509899.326379
45,75,p1,selection,90.45774841308594,1787509899.3305793
45,38,p2,turn,17.60820198059082,1787509899.3443727
45,73,p2,selection,90.06065368652344,1787509899.3490846
45,74,p2,selection,89.05348205566406,1787509899.3538082
45,75,p2,selection,86.9039306640625,1787509899.3580294
46,39,p1,turn,21.331008911132812,1787509899.3785672
46,76,p1,selection,87.4829330444336,1787509899.382979
46,77,p1,selection,92.58930969238281,1787509899.3871021
46,78,p1,selection,91.1507797241211,1787509899.3910823
46,39,p2,turn,14.936267852783203,1787509899.4044924
46,76,p2,selection,89.4670181274414,1787509899.4084833
46,77,p2,selection,89.27099609375,1787509899.4125102
46,78,p2,selection,86.18500518798828,1787509899.4169536
47,40,p1,turn,21.145864486694336,1787509899.4319534
47,79,p1,selection,90.92410278320312,1787509899.4366448
47,80,p1,selection,87.24382019042969,1787509899.4407718
47,81,p1,selection,91.14244079589844,1787509899.4447548
47,40,p2,turn,18.70728874206543,1787509899.457922
47,79,p2,selection,89.498291015625,1787509899.461896
47,80,p2,selection,88.1942367553711,1787509899.4661174
47,81,p2,selection,87.78521728515625,1787509899.4700437
48,41,p1,turn,19.705930709838867,1787509899.4875462
48,82,p1,selection,91.76264953613281,1787509899.4916952
48,83,p1,selection,91.08043670654297,1787509899.4954674
48,84,p1,selection,91.61985778808594,1787509899.4994476
48,41,p2,turn,20.54503631591797,1787509899.5124278
48,82,p2,selection,87.60681915283203,1787509899.517175
48,83,p2,selection,92.62362670898438,1787509899.5211587
48,84,p2,selection,88.89522552490234,1787509899.5249062
49,42,p1,turn,17.10346794128418,1787509899.5405557
49,85,p1,selection,90.75538635253906,1787509899.5446303
49,86,p1,selection,92.36566925048828,1787509899.548557
49,87,p1,selection,92.84294128417969,1787509899.5525224
49,42,p2,turn,16.793258666992188,1787509899.5671027
49,85,p2,selection,91.46348571777344,1787509899.5735347
49,86,p2,selection,88.12896728515625,1787509899.5795195
49,87,p2,selection,91.34526062011719,1787509899.5859456
50,43,p1,turn,19.917930603027344,1787509899.6240737
50,88,p1,selection,90.91826629638672,1787509899.6355307
50,89,p1,selection,90.47968292236328,1787509899.6444218
50,90,p1,selection,95.69996643066406,1787509899.6524882
50,43,p2,turn,16.80524444580078,1787509899.6831892
50,88,p2,selection,92.23717498779297,1787509899.688069
50,89,p2,selection,89.4507064819336,1787509899.6932797
50,90,p2,selection,90.7716293334961,1787509899.6983752
51,44,p1,turn,15.469730377197266,1787509899.7512753
51,91,p1,selection,89.31221771240234,1787509899.7584472
51,92,p1,selection,92.5665283203125,1787509899.7666564
51,93,p1,selection,92.71929931640625,1787509899.7749271
51,44,p2,turn,24.76428985595703,1787509899.8083463
51,91,p2,selection,90.3280258178711,1787509899.8155868
51,92,p2,selection,90.322265625,1787509899.8232493
51,93,p2,selection,87.60303497314453,1787509899.830572
52,45,p1,turn,15.797883987426758,1787509899.889825
52,94,p1,selection,93.94197082519531,1787509899.8982704
52,95,p1,selection,94.1423110961914,1787509899.907145
52,96,p1,selection,88.53861236572266,1787509899.9169173
52,45,p2,turn,20.105194091796875,1787509899.9509807
52,94,p2,selection,92.2401123046875,1787509899.9593706
52,95,p2,selection,85.32405090332031,1787509899.9676044
52,96,p2,selection,92.32051849365234,1787509899.9746897
53,46,p1,turn,15.311819076538086,1787509900.017182
53,97,p1,selection,89.62710571289062,1787509900.0240877
53,98,p1,selection,89.74028778076172,1787509900.0311947
53,99,p1,selection,91.16356658935547,1787509900.038556
53,46,p2,turn,22.54644012451172,1787509900.0688353
53,97,p2,selection,89.88006591796875,1787509900.0757744
53,98,p2,selection,90.4893569946289,1787509900.0829396
53,99,p2,selection,93.53827667236328,1787509900.0898025
54,47,p1,turn,21.169246673583984,1787509900.1394546
54,100,p1,selection,93.359619140625,1787509900.1469061
54,101,p1,selection,92.08497619628906,1787509900.1564708
54,102,p1,selection,91.22074890136719,1787509900.1667366
54,47,p2,turn,16.523029327392578,1787509900.1903589
54,100,p2,selection,89.15897369384766,1787509900.1995227
54,101,p2,selection,90.95561981201172,1787509900.2113738
54,102,p2,selection,90.55249786376953,1787509900.2211
55,48,p1,turn,21.11583709716797,1787509900.2725275
55,103,p1,selection,88.62189483642578,1787509900.282985
55,104,p1,selection,91.91988372802734,1787509900.2909362
55,105,p1,selection,95.39982604980469,1787509900.2984812
55,48,p2,turn,15.675515174865723,1787509900.331601
55,103,p2,selection,90.42762756347656,1787509900.3399255
55,104,p2,selection,91.95742797851562,1787509900.3478782
55,105,p2,selection,93.02651977539062,1787509900.355963
56,49,p1,turn,20.903079986572266,1787509900.3907554
56,106,p1,selection,96.38327026367188,1787509900.3956897
56,107,p1,selection,89.18544006347656,1787509900.4009733
56,108,p1,selection,89.92085266113281,1787509900.4058936
56,49,p2,turn,16.485219955444336,1787509900.4231546
56,106,p2,selection,91.34089660644531,1787509900.4303126
56,107,p2,selection,92.65335083007812,1787509900.4355037
56,108,p2,selection,87.22006225585938,1787509900.4401946
57,50,p1,turn,20.008007049560547,1787509900.4601972
57,109,p1,selection,88.06787109375,1787509900.4650667
57,110,p1,selection,92.2579345703125,1787509900.4716988
57,111,p1,selection,90.64199829101562,1787509900.4783804
57,50,p2,turn,22.592559814453125,1787509900.5089734
57,109,p2,selection,91.0418472290039,1787509900.5176382
57,110,p2,selection,89.06570434570312,1787509900.5252688
57,111,p2,selection,87.46471405029297,1787509900.5333805
58,51,p1,turn,20.803442001342773,1787509900.5717907
58,112,p1,selection,90.35964965820312,1787509900.5786462
58,113,p1,selection,91.69578552246094,1787509900.5866365
58,114,p1,selection,95.72430419921875,1787509900.5937448
58,51,p2,turn,17.706392288208008,1787509900.6240494
58,112,p2,selection,95.75381469726562,1787509900.630705
58,113,p2,selection,91.50785064697266,1787509900.6378806
58,114,p2,selection,91.73478698730469,1787509900.6443691
59,52,p1,turn,17.147602081298828,1787509900.679978
59,115,p1,selection,91.3143310546875,1787509900.6870785
59,116,p1,selection,90.36543273925781,1787509900.6941068
59,117,p1,selection,93.0263442993164,1787509900.7012804
59,52,p2,turn,19.16139793395996,1787509900.73268
59,115,p2,selection,95.03822326660156,1787509900.7392857
59,116,p2,selection,92.03990173339844,1787509900.746026
59,117,p2,selection,91.8951187133789,1787509900.75307
60,53,p1,turn,20.6825008392334,1787509900.7881486
60,118,p1,selection,91.90869903564453,1787509900.7949593
60,119,p1,selection,90.07390594482422,1787509900.8016315
60,120,p1,selection,94.8165512084961,1787509900.8060818
60,53,p2,turn,13.889107704162598,1787509900.8198438
60,118,p2,selection,90.30406951904297,1787509900.8245413
60,119,p2,selection,93.26428985595703,1787509900.8288171
60,120,p2,selection,92.31986999511719,1787509900.8340278
61,54,p1,turn,21.170751571655273,1787509900.8513346
5,1,p1,turn,13.542028427124023,1787511666.1133497
5,1,p2,turn,13.7358980178833,1787511666.1284783
6,2,p1,turn,13.520424842834473,1787511666.1545613
6,2,p2,turn,11.385754585266113,1787511666.1688025
7,3,p1,turn,13.492740631103516,1787511666.2054489
7,3,p2,turn,12.556364059448242,1787511666.2200978
8,4,p1,turn,11.276850700378418,1787511666.2628644
8,4,p2,turn,12.056321144104004,1787511666.2789984
9,5,p1,turn,15.022096633911133,1787511666.3074446
9,5,p2,turn,12.150596618652344,1787511666.323223
10,6,p1,turn,11.314212799072266,1787511666.3403902
10,6,p2,turn,13.658357620239258,1787511666.3481894
11,7,p1,turn,10.441145896911621,1787511666.3657637
11,7,p2,turn,8.432496070861816,1787511666.3819473
12,8,p1,turn,12.394963264465332,1787511666.4099498
12,8,p2,turn,17.85918617248535,1787511666.4260461
13,9,p1,turn,10.448053359985352,1787511666.4581451
13,9,p2,turn,12.853388786315918,1787511666.474187
14,10,p1,turn,15.375301361083984,1787511666.5008688
14,10,p2,turn,16.531728744506836,1787511666.5092294
15,11,p1,turn,13.995677947998047,1787511666.5458326
15,11,p2,turn,13.420173645019531,1787511666.5624819
16,12,p1,turn,10.64150333404541,1787511666.5859044
16,12,p2,turn,9.86881160736084,1787511666.6022954
17,13,p1,turn,13.208477020263672,1787511666.6268394
17,13,p2,turn,13.834375381469727,1787511666.6431558
18,14,p1,turn,10.91447925567627,1787511666.673275
18,14,p2,turn,13.775938987731934,1787511666.6893942
19,15,p1,turn,9.986126899719238,1787511666.719601
19,15,p2,turn,12.099930763244629,1787511666.7308729
20,16,p1,turn,10.35379409790039,1787511666.747296
20,16,p2,turn,6.680837631225586,1787511666.7562792
21,17,p1,turn,14.081695556640625,1787511666.7998052
21,1,p1,selection,91.98882293701172,1787511666.8054214
21,2,p1,selection,90.9555435180664,1787511666.808284
21,3,p1,selection,89.97602844238281,1787511666.8120723
21,17,p2,turn,10.738032341003418,1787511666.8288593
21,1,p2,selection,99.27007293701172,1787511666.834095
21,2,p2,selection,97.9091567993164,1787511666.8403459
21,3,p2,selection,96.13763427734375,1787511666.84492
22,18,p1,turn,14.333061218261719,1787511666.8624377
22,4,p1,selection,89.8481674194336,1787511666.8655252
22,5,p1,selection,91.25194549560547,1787511666.8684683
22,6,p1,selection,90.88941955566406,1787511666.8731422
22,18,p2,turn,13.737774848937988,1787511666.889824
22,4,p2,selection,95.25056457519531,1787511666.894204
22,5,p2,selection,96.28866577148438,1787511666.898235
22,6,p2,selection,95.23992156982422,1787511666.902449
23,19,p1,turn,9.673301696777344,1787511666.9403744
23,7,p1,selection,90.52793884277344,1787511666.9445195
23,8,p1,selection,90.51776885986328,1787511666.9473176
23,9,p1,selection,90.27717590332031,1787511666.9498217
23,19,p2,turn,11.041719436645508,1787511666.9648051
23,7,p2,selection,95.11660766601562,1787511666.9694917
23,8,p2,selection,94.73197937011719,1787511666.9739947
23,9,p2,selection,92.48289489746094,1787511666.9782736
24,20,p1,turn,12.306930541992188,1787511667.0063653
24,10,p1,selection,89.89478302001953,1787511667.0106702
24,11,p1,selection,92.62377166748047,1787511667.0147145
24,12,p1,selection,90.9608154296875,1787511667.0187905
24,20,p2,turn,13.589723587036133,1787511667.035563
24,10,p2,selection,93.48143005371094,1787511667.0399976
24,11,p2,selection,95.5102767944336,1787511667.0441942
24,12,p2,selection,91.58650970458984,1787511667.0481474
25,21,p1,turn,17.456453323364258,1787511667.0663126
25,13,p1,selection,90.2509994506836,1787511667.0707648
25,14,p1,selection,92.4656982421875,1787511667.076843
25,15,p1,selection,91.09968566894531,1787511667.082317
25,21,p2,turn,15.783659934997559,1787511667.0999062
25,13,p2,selection,95.82079315185547,1787511667.1042025
25,14,p2,selection,92.52987670898438,1787511667.1071332
25,15,p2,selection,95.2131576538086,1787511667.1104198
26,22,p1,turn,10.90667724609375,1787511667.1289651
26,16,p1,selection,89.808349609375,1787511667.1318507
26,17,p1,selection,89.47708129882812,1787511667.1344726
26,18,p1,selection,91.37742614746094,1787511667.137426
26,22,p2,turn,10.056231498718262,1787511667.146346
26,16,p2,selection,95.3109130859375,1787511667.1490757
26,17,p2,selection,95.35675811767578,1787511667.1518505
26,18,p2,selection,93.88754272460938,1787511667.1549282
27,23,p1,turn,10.620426177978516,1787511667.1693213
27,19,p1,selection,93.7905502319336,1787511667.172485
27,20,p1,selection,91.28010559082031,1787511667.175141
27,21,p1,selection,91.1341552734375,1787511667.1775908
27,23,p2,turn,17.780080795288086,1787511667.187267
27,19,p2,selection,90.7193832397461,1787511667.1905305
27,20,p2,selection,95.51889038085938,1787511667.1932786
27,21,p2,selection,94.81575012207031,1787511667.1957653
28,24,p1,turn,12.671749114990234,1787511667.2107234
28,22,p1,selection,88.9852523803711,1787511667.2133665
28,23,p1,selection,92.42578887939453,1787511667.2160773
28,24,p1,selection,91.34674072265625,1787511667.2199497
28,24,p2,turn,10.24040412902832,1787511667.2364125
28,22,p2,selection,93.03988647460938,1787511667.2409198
28,23,p2,selection,94.61248016357422,1787511667.2449105
28,24,p2,selection,92.6961441040039,1787511667.248714
29,25,p1,turn,10.74110221862793,1787511667.2935853
29,25,p1,selection,90.27947235107422,1787511667.2977345
29,26,p1,selection,91.45933532714844,1787511667.3023872
29,27,p1,selection,89.20693969726562,1787511667.3067496
29,25,p2,turn,11.137697219848633,1787511667.324239
29,25,p2,selection,93.87200164794922,1787511667.3287919
29,26,p2,selection,93.65779113769531,1787511667.333138
29,27,p2,selection,98.62930297851562,1787511667.337582
30,26,p1,turn,13.187039375305176,1787511667.3503454
30,28,p1,selection,91.39974212646484,1787511667.3533428
30,29,p1,selection,91.36550903320312,1787511667.3560836
30,30,p1,selection,89.2455825805664,1787511667.3586075
30,26,p2,turn,15.479433059692383,1787511667.36629
30,28,p2,selection,96.77360534667969,1787511667.3691206
30,29,p2,selection,96.82166290283203,1787511667.3719118
30,30,p2,selection,91.78276062011719,1787511667.3744407
31,27,p1,turn,10.065168380737305,1787511667.388116
31,31,p1,selection,94.37610626220703,1787511667.390965
31,32,p1,selection,92.9557876586914,1787511667.393624
31,33,p1,selection,94.44180297851562,1787511667.3961012
31,27,p2,turn,13.353012084960938,1787511667.4051068
31,31,p2,selection,91.00120544433594,1787511667.4080222
31,32,p2,selection,94.3699951171875,1787511667.410656
31,33,p2,selection,93.0009765625,1787511667.4131837
32,28,p1,turn,7.486307144165039,1787511667.4260445
32,34,p1,selection,90.0562515258789,1787511667.428922
32,35,p1,selection,89.83892822265625,1787511667.4314234
32,36,p1,selection,90.02098083496094,1787511667.4339182
32,28,p2,turn,11.703750610351562,1787511667.4427304
32,34,p2,selection,92.11102294921875,1787511667.4456415
32,35,p2,selection,93.1530990600586,1787511667.448224
32,36,p2,selection,95.96624755859375,1787511667.4508352
33,29,p1,turn,11.381542205810547,1787511667.482653
33,37,p1,selection,91.05585479736328,1787511667.4873433
33,38,p1,selection,89.49407196044922,1787511667.4916048
33,39,p1,selection,88.76480102539062,1787511667.4957824
33,29,p2,turn,13.422666549682617,1787511667.5122464
33,37,p2,selection,90.93638610839844,1787511667.5164583
33,38,p2,selection,93.46421813964844,1787511667.5211096
33,39,p2,selection,90.69651794433594,1787511667.5241065
34,30,p1,turn,11.623387336730957,1787511667.5391183
34,40,p1,selection,91.92121124267578,1787511667.5419018
34,41,p1,selection,94.20049285888672,1787511667.5444398
34,42,p1,selection,90.85076141357422,1787511667.5469441
34,30,p2,turn,18.740880966186523,1787511667.5563102
34,40,p2,selection,93.7098388671875,1787511667.5593526
34,41,p2,selection,91.21205139160156,1787511667.561967
34,42,p2,selection,97.02318572998047,1787511667.5644596
35,31,p1,turn,7.947170257568359,1787511667.5818555
35,43,p1,selection,90.40425109863281,1787511667.5872245
35,44,p1,selection,91.7696533203125,1787511667.5914712
35,45,p1,selection,91.10450744628906,1787511667.5954425
35,31,p2,turn,10.706851959228516,1787511667.6127188
35,43,p2,selection,93.63899230957031,1787511667.6170123
35,44,p2,selection,90.32669067382812,1787511667.621657
35,45,p2,selection,91.88426208496094,1787511667.6260226
36,32,p1,turn,12.11427116394043,1787511667.6418452
36,46,p1,selection,91.61746215820312,1787511667.6446314
36,47,p1,selection,91.90113067626953,1787511667.6471522
36,48,p1,selection,88.79198455810547,1787511667.6497812
36,32,p2,turn,11.971268653869629,1787511667.660156
36,46,p2,selection,89.23641967773438,1787511667.6643038
36,47,p2,selection,90.77202606201172,1787511667.6681604
36,48,p2,selection,93.68688201904297,1787511667.672632
37,33,p1,turn,18.530269622802734,1787511667.7080393
37,49,p1,selection,91.54576110839844,1787511667.712265
37,50,p1,selection,92.41956329345703,1787511667.716456
37,51,p1,selection,92.44922637939453,1787511667.7205353
37,33,p2,turn,11.337469100952148,1787511667.7352617
37,49,p2,selection,90.2611083984375,1787511667.7396774
37,50,p2,selection,88.6902084350586,1787511667.7448907
37,51,p2,selection,91.06999206542969,1787511667.7492065
38,34,p1,turn,11.554323196411133,1787511667.7744436
38,52,p1,selection,93.18487548828125,1787511667.7785592
38,53,p1,selection,89.9180908203125,1787511667.782761
38,54,p1,selection,91.88520812988281,1787511667.788151
38,34,p2,turn,12.728199005126953,1787511667.804373
38,52,p2,selection,94.58342742919922,1787511667.809185
38,53,p2,selection,93.11013793945312,1787511667.8138688
38,54,p2,selection,83.86495971679688,1787511667.8181612
39,35,p1,turn,10.67155647277832,1787511667.8513596
39,55,p1,selection,92.92643737792969,1787511667.8558838
39,56,p1,selection,92.26490020751953,1787511667.8599498
39,57,p1,selection,89.6868896484375,1787511667.8625317
39,35,p2,turn,14.074731826782227,1787511667.8709493
39,55,p2,selection,87.09544372558594,1787511667.8738856
39,56,p2,selection,86.8060073852539,1787511667.8764584
39,57,p2,selection,87.43359375,1787511667.878911
40,36,p1,turn,13.41318130493164,1787511667.8911319
40,58,p1,selection,91.5127182006836,1787511667.8941596
40,59,p1,selection,94.66607666015625,1787511667.896999
40,60,p1,selection,90.3572769165039,1787511667.8997204
40,36,p2,turn,13.111016273498535,1787511667.911404
40,58,p2,selection,87.83467102050781,1787511667.915495
40,59,p2,selection,92.90156555175781,1787511667.9195514
40,60,p2,selection,87.8720932006836,1787511667.9225526
41,37,p1,turn,19.899715423583984,1787511667.936739
41,61,p1,selection,89.01997375488281,1787511667.9396462
41,62,p1,selection,88.75636291503906,1787511667.9426699
41,63,p1,selection,91.55723571777344,1787511667.9455543
41,37,p2,turn,15.252019882202148,1787511667.9571078
41,61,p2,selection,86.74849700927734,1787511667.9615884
41,62,p2,selection,92.07363891601562,1787511667.9662664
41,63,p2,selection,83.62857055664062,1787511667.9717457
42,38,p1,turn,15.845087051391602,1787511668.0005188
42,64,p1,selection,91.38636779785156,1787511668.0046475
42,65,p1,selection,89.5556411743164,1787511668.0075862
42,66,p1,selection,88.30122375488281,1787511668.01077
42,38,p2,turn,10.00381851196289,1787511668.0221133
42,64,p2,selection,91.65886688232422,1787511668.0272233
42,65,p2,selection,89.1462173461914,1787511668.0321488
42,66,p2,selection,93.5241470336914,1787511668.0374959
43,39,p1,turn,9.226667404174805,1787511668.0590153
43,67,p1,selection,91.79391479492188,1787511668.0632184
43,68,p1,selection,88.90630340576172,1787511668.0679433
43,69,p1,selection,90.9660873413086,1787511668.0724475
43,39,p2,turn,17.068510055541992,1787511668.088718
43,67,p2,selection,92.87442016601562,1787511668.095229
43,68,p2,selection,84.59268951416016,1787511668.1031034
43,69,p2,selection,84.06832885742188,1787511668.108386
44,40,p1,turn,13.20550537109375,1787511668.1400187
44,70,p1,selection,87.81173706054688,1787511668.149306
44,71,p1,selection,88.53707122802734,1787511668.1541457
44,72,p1,selection,88.1302719116211,1787511668.1593874
44,40,p2,turn,19.81279182434082,1787511668.177939
44,70,p2,selection,93.43936920166016,1787511668.1829853
44,71,p2,selection,90.62657165527344,1787511668.1888745
44,72,p2,selection,94.6038818359375,1787511668.1938345
45,41,p1,turn,12.750810623168945,1787511668.2221367
45,73,p1,selection,89.3273696899414,1787511668.226943
45,74,p1,selection,89.56178283691406,1787511668.2320507
45,75,p1,selection,89.57787322998047,1787511668.238249
45,41,p2,turn,12.350126266479492,1787511668.2567794
45,73,p2,selection,96.45621490478516,1787511668.2622883
45,74,p2,selection,92.28775024414062,1787511668.2706876
45,75,p2,selection,92.27851104736328,1787511668.2766237
46,42,p1,turn,15.585077285766602,1787511668.3000848
46,76,p1,selection,89.60359954833984,1787511668.3061566
46,77,p1,selection,89.74847412109375,1787511668.311805
46,78,p1,selection,87.68960571289062,1787511668.317171
46,42,p2,turn,7.919672012329102,1787511668.3247902
46,76,p2,selection,90.49928283691406,1787511668.3275828
46,77,p2,selection,92.67930603027344,1787511668.3303638
46,78,p2,selection,87.38961029052734,1787511668.3330874
47,43,p1,turn,16.31097412109375,1787511668.3594997
47,79,p1,selection,89.5016860961914,1787511668.3636966
47,80,p1,selection,88.6058578491211,1787511668.3676486
47,81,p1,selection,92.30611419677734,1787511668.3718817
47,43,p2,turn,9.998167037963867,1787511668.388061
47,79,p2,selection,86.08651733398438,1787511668.3921583
47,80,p2,selection,86.4775390625,1787511668.3960438
47,81,p2,selection,90.65509796142578,1787511668.3998716
48,44,p1,turn,15.140052795410156,1787511668.4195642
48,82,p1,selection,90.1236801147461,1787511668.4224443
48,83,p1,selection,89.91031646728516,1787511668.4250445
48,84,p1,selection,89.44811248779297,1787511668.4277804
48,44,p2,turn,10.862969398498535,1787511668.4369547
48,82,p2,selection,88.474365234375,1787511668.4402509
48,83,p2,selection,89.37964630126953,1787511668.4431748
48,84,p2,selection,84.6015853881836,1787511668.4460266
49,45,p1,turn,9.290168762207031,1787511668.4591813
49,85,p1,selection,89.30741119384766,1787511668.4621923
49,86,p1,selection,90.08538818359375,1787511668.4652817
49,87,p1,selection,92.84398651123047,1787511668.469038
49,45,p2,turn,13.798620223999023,1787511668.4850333
49,85,p2,selection,88.6178970336914,1787511668.4898286
49,86,p2,selection,90.65547180175781,1787511668.4942276
49,87,p2,selection,90.75743865966797,1787511668.4981208
6,1,p1,turn,16.152572631835938,1787511955.0826004
6,1,p2,turn,15.273195266723633,1787511955.0906577
7,2,p1,turn,13.762361526489258,1787511955.1063669
7,2,p2,turn,16.41848373413086,1787511955.1226048
8,3,p1,turn,17.269275665283203,1787511955.1506479
8,3,p2,turn,15.205484390258789,1787511955.166677
9,4,p1,turn,12.683915138244629,1787511955.1978972
9,4,p2,turn,17.775094985961914,1787511955.2131286
10,5,p1,turn,20.84857177734375,1787511955.242934
10,5,p2,turn,15.370221138000488,1787511955.259227
11,6,p1,turn,17.543996810913086,1787511955.2852757
11,6,p2,turn,15.381692886352539,1787511955.3010144
12,7,p1,turn,16.313343048095703,1787511955.3190784
12,7,p2,turn,14.621819496154785,1787511955.326533
13,8,p1,turn,15.945441246032715,1787511955.343132
13,8,p2,turn,15.32210922241211,1787511955.350912
14,9,p1,turn,16.99957275390625,1787511955.3857427
14,9,p2,turn,16.252281188964844,1787511955.4009066
15,10,p1,turn,19.944530487060547,1787511955.4364522
15,10,p2,turn,10.553359985351562,1787511955.4520023
16,11,p1,turn,14.357023239135742,1787511955.499007
16,11,p2,turn,13.803560256958008,1787511955.5142286
17,12,p1,turn,14.86144733428955,1787511955.5533957
17,12,p2,turn,11.115911483764648,1787511955.5682402
18,13,p1,turn,15.545465469360352,1787511955.593938
18,13,p2,turn,11.455507278442383,1787511955.6086867
19,14,p1,turn,13.08027458190918,1787511955.6243675
19,14,p2,turn,11.375860214233398,1787511955.6317766
20,15,p1,turn,12.721844673156738,1787511955.647466
20,15,p2,turn,16.546342849731445,1787511955.6550434
21,16,p1,turn,10.829632759094238,1787511955.666945
21,1,p1,selection,86.90032958984375,1787511955.669704
21,2,p1,selection,86.22132110595703,1787511955.673493
21,3,p1,selection,87.67740631103516,1787511955.677414
21,16,p2,turn,11.622652053833008,1787511955.6920729
21,1,p2,selection,82.11174011230469,1787511955.696178
21,2,p2,selection,82.37312316894531,1787511955.7000947
21,3,p2,selection,82.72915649414062,1787511955.70415
22,17,p1,turn,15.652090072631836,1787511955.7345276
22,4,p1,selection,87.857177734375,1787511955.7393348
22,5,p1,selection,85.97587585449219,1787511955.7439475
22,6,p1,selection,88.42157745361328,1787511955.7483346
22,17,p2,turn,11.39017105102539,1787511955.7632947
22,4,p2,selection,82.60741424560547,1787511955.7676268
22,5,p2,selection,82.52310180664062,1787511955.7719572
22,6,p2,selection,84.487548828125,1787511955.7760522
23,18,p1,turn,15.980594635009766,1787511955.794072
23,7,p1,selection,87.19343566894531,1787511955.7969038
23,8,p1,selection,86.82046508789062,1787511955.799428
23,9,p1,selection,86.94413757324219,1787511955.8019445
23,18,p2,turn,10.626932144165039,1787511955.8169975
23,7,p2,selection,82.6103515625,1787511955.8214557
23,8,p2,selection,84.95252990722656,1787511955.8256342
23,9,p2,selection,85.44483947753906,1787511955.8295596
24,19,p1,turn,12.218225479125977,1787511955.8589957
24,10,p1,selection,88.5279769897461,1787511955.8633032
24,11,p1,selection,86.76984405517578,1787511955.8672657
24,12,p1,selection,87.251220703125,1787511955.871612
24,19,p2,turn,13.888628005981445,1787511955.8826814
24,10,p2,selection,86.67646026611328,1787511955.8854873
24,11,p2,selection,83.51812744140625,1787511955.8893778
24,12,p2,selection,84.94279479980469,1787511955.8921306
25,20,p1,turn,19.542423248291016,1787511955.9057198
25,13,p1,selection,86.9826431274414,1787511955.908721
25,14,p1,selection,82.74331665039062,1787511955.9115803
25,15,p1,selection,86.2327651977539,1787511955.9144301
25,20,p2,turn,14.971389770507812,1787511955.922112
25,13,p2,selection,83.74047088623047,1787511955.9248593
25,14,p2,selection,82.92433166503906,1787511955.92733
25,15,p2,selection,81.20048522949219,1787511955.9297862
26,21,p1,turn,13.802311897277832,1787511955.9445517
26,16,p1,selection,85.13308715820312,1787511955.9472482
26,17,p1,selection,86.24958038330078,1787511955.9497118
26,18,p1,selection,83.92391204833984,1787511955.9521399
26,21,p2,turn,13.995941162109375,1787511955.9665833
26,16,p2,selection,79.12067413330078,1787511955.9707117
26,17,p2,selection,79.56242370605469,1787511955.9747665
26,18,p2,selection,80.27832794189453,1787511955.9786546
27,22,p1,turn,14.424213409423828,1787511955.9986432
27,19,p1,selection,85.53377532958984,1787511956.0013404
27,20,p1,selection,83.93087768554688,1787511956.0039425
27,21,p1,selection,85.26490020751953,1787511956.0069788
27,22,p2,turn,19.42447280883789,1787511956.015011
27,19,p2,selection,81.95558166503906,1787511956.017757
27,20,p2,selection,79.34674835205078,1787511956.020266
27,21,p2,selection,81.1580581665039,1787511956.023183
28,23,p1,turn,10.238855361938477,1787511956.036134
28,22,p1,selection,83.62884521484375,1787511956.0388715
28,23,p1,selection,84.7591552734375,1787511956.0424395
28,24,p1,selection,83.36875915527344,1787511956.0462348
28,23,p2,turn,9.393295288085938,1787511956.0612514
28,22,p2,selection,81.44734191894531,1787511956.0653038
28,23,p2,selection,80.08091735839844,1787511956.0691195
28,24,p2,selection,83.82965087890625,1787511956.0729697
29,24,p1,turn,10.815572738647461,1787511956.1148195
29,25,p1,selection,85.01445007324219,1787511956.1188319
29,26,p1,selection,79.58009338378906,1787511956.1233594
29,27,p1,selection,86.7467041015625,1787511956.1274867
29,24,p2,turn,17.621295928955078,1787511956.141902
29,25,p2,selection,79.1218032836914,1787511956.1446657
29,26,p2,selection,79.10270690917969,1787511956.1471212
29,27,p2,selection,80.24476623535156,1787511956.149582
30,25,p1,turn,15.84660530090332,1787511956.1618109
30,28,p1,selection,84.70288848876953,1787511956.164507
30,29,p1,selection,84.10587310791016,1787511956.166955
30,30,p1,selection,82.39002227783203,1787511956.1694446
30,25,p2,turn,12.185157775878906,1787511956.176678
30,28,p2,selection,77.02413940429688,1787511956.1792128
30,29,p2,selection,79.96760559082031,1787511956.1816535
30,30,p2,selection,79.00817108154297,1787511956.1841974
31,26,p1,turn,11.255462646484375,1787511956.225445
31,31,p1,selection,83.02899932861328,1787511956.2294307
31,32,p1,selection,82.8463363647461,1787511956.233206
31,33,p1,selection,79.796630859375,1787511956.236969
31,26,p2,turn,11.71804141998291,1787511956.2512698
31,31,p2,selection,83.02204895019531,1787511956.2552626
31,32,p2,selection,80.30364990234375,1787511956.2593083
31,33,p2,selection,82.1092529296875,1787511956.2631483
32,27,p1,turn,15.139495849609375,1787511956.277087
32,34,p1,selection,83.95185089111328,1787511956.2797384
32,35,p1,selection,80.72584533691406,1787511956.2822378
32,36,p1,selection,83.99366760253906,1787511956.284626
32,27,p2,turn,11.444149017333984,1787511956.3001304
32,34,p2,selection,80.91673278808594,1787511956.3044333
32,35,p2,selection,77.55459594726562,1787511956.3083625
32,36,p2,selection,80.38809204101562,1787511956.3121011
33,28,p1,turn,8.362635612487793,1787511956.344325
33,37,p1,selection,81.85400390625,1787511956.3484862
33,38,p1,selection,80.59317016601562,1787511956.352311
33,39,p1,selection,79.5596923828125,1787511956.3561065
33,28,p2,turn,14.962207794189453,1787511956.3713393
33,37,p2,selection,81.8017578125,1787511956.3753762
33,38,p2,selection,81.8593978881836,1787511956.3791227
33,39,p2,selection,81.5989761352539,1787511956.3827965
34,29,p1,turn,16.654226303100586,1787511956.4025018
34,40,p1,selection,81.81006622314453,1787511956.4065413
34,41,p1,selection,79.22456359863281,1787511956.4104493
